CVE-2006-6730,2006
CVE-2011-5174,2011
CVE-2013-3582,2013
CVE-2015-0949,2015
CVE-2016-5729,2016
CVE-2016-8103,2016
CVE-2016-8222,2016
CVE-2017-3197,2017
CVE-2017-5721,2017
CVE-2018-12182,2018
CVE-2018-16089,2018
CVE-2018-16090,2018
CVE-2018-16091,2018
CVE-2018-16092,2018
CVE-2018-16094,2018
CVE-2018-16095,2018
CVE-2018-16096,2018
CVE-2018-3612,2018
CVE-2018-9083,2018
CVE-2018-9084,2018
CVE-2019-0152,2019
CVE-2019-0185,2019
CVE-2019-16284,2019
CVE-2019-6156,2019
CVE-2020-12890,2020
CVE-2020-12951,2020
CVE-2020-14032,2020
CVE-2020-26186,2020
CVE-2020-27339,2020
CVE-2020-5376,2020
CVE-2020-5378,2020
CVE-2020-5379,2020
CVE-2020-5388,2020
CVE-2020-5953,2020
CVE-2020-8341,2020
CVE-2021-26317,2021
CVE-2021-26943,2021
CVE-2021-33625,2021
CVE-2021-33626,2021
CVE-2021-33627,2021
CVE-2021-3849,2021
CVE-2021-3897,2021
CVE-2021-39298,2021
CVE-2021-41837,2021
CVE-2021-41838,2021
CVE-2021-41839,2021
CVE-2021-41840,2021
CVE-2021-41841,2021
CVE-2021-42060,2021
CVE-2021-42113,2021
CVE-2021-42554,2021
CVE-2021-43323,2021
CVE-2021-43522,2021
CVE-2021-43615,2021
CVE-2021-45969,2021
CVE-2021-45970,2021
CVE-2021-45971,2021
CVE-2022-22558,2022
CVE-2022-24030,2022
CVE-2022-24031,2022
CVE-2022-24069,2022
CVE-2022-24415,2022
CVE-2022-24416,2022
CVE-2022-24417,2022
CVE-2022-24418,2022
CVE-2022-24419,2022
CVE-2022-24420,2022
CVE-2022-24421,2022
CVE-2022-28806,2022
CVE-2022-29264,2022
