CVE-2012-5218,2012
CVE-2014-3676,2014
CVE-2014-4768,2014
CVE-2014-4859,2014
CVE-2014-4860,2014
CVE-2014-8271,2014
CVE-2015-2890,2015
CVE-2015-3692,2015
CVE-2015-5281,2015
CVE-2015-7837,2015
CVE-2016-3699,2016
CVE-2016-8226,2016
CVE-2017-3197,2017
CVE-2017-3198,2017
CVE-2017-3753,2017
CVE-2017-3771,2017
CVE-2017-3775,2017
CVE-2017-5699,2017
CVE-2017-9457,2017
CVE-2018-18653,2018
CVE-2018-3652,2018
CVE-2019-1736,2019
CVE-2019-18279,2019
CVE-2019-18913,2019
CVE-2019-20908,2019
CVE-2019-6321,2019
CVE-2019-6322,2019
CVE-2020-15707,2020
CVE-2020-15780,2020
CVE-2020-16910,2020
CVE-2020-26186,2020
CVE-2020-26200,2020
CVE-2020-5376,2020
CVE-2020-5378,2020
CVE-2020-5379,2020
CVE-2020-5953,2020
CVE-2020-8332,2020
CVE-2021-0071,2021
CVE-2021-1398,2021
CVE-2021-21554,2021
CVE-2021-21555,2021
CVE-2021-21556,2021
CVE-2021-21571,2021
CVE-2021-21572,2021
CVE-2021-21573,2021
CVE-2021-21574,2021
CVE-2021-28178,2021
CVE-2021-33115,2021
CVE-2021-39297,2021
CVE-2021-39298,2021
CVE-2021-39299,2021
CVE-2021-39300,2021
CVE-2021-39301,2021
CVE-2021-42059,2021
